torrent_hash,torrent_name,category,magnet_uri,added_to_qb_date,deleted_from_qb_date,uploaded_to_pikpak_date,transfer_status,error_message
2ce5da16e10d5867f3e31ce4d443584a4e937340,[javdb.com][thz.tw]NHDTA-667.1080p.torrent,Daily Ingestion,magnet:?xt=urn:btih:2ce5da16e10d5867f3e31ce4d443584a4e937340&dn=%5Bjavdb.com%5D%5Bthz.tw%5DNHDTA-667.1080p.torrent&xl=7146119484,8/2/25 22:45,8/5/25 19:00,8/5/25 19:00,success,
00f8b123a4afb502667061526c4c095cece6fad7,[javdb.com]NHDTA-725R,Daily Ingestion,magnet:?xt=urn:btih:00f8b123a4afb502667061526c4c095cece6fad7&dn=%5Bjavdb.com%5DNHDTA-725R&xl=1147025198,8/2/25 22:44,8/5/25 19:00,8/5/25 19:00,success,
2b89ace8faa4126231d8f9c55fd2f35edb7a9bdd,[javdb.com]olo@SIS001@meyd-302,Daily Ingestion,magnet:?xt=urn:btih:2b89ace8faa4126231d8f9c55fd2f35edb7a9bdd&dn=%5Bjavdb.com%5Dolo%40SIS001%40meyd-302&xl=1200741029,8/2/25 22:45,8/5/25 19:00,8/5/25 19:00,success,
113cbe0341cbf2e3cccc97ae096667e7efd119b3,[javdb.com]Tina Yuzuki SUPD-077.viovid.com.mp4,Daily Ingestion,magnet:?xt=urn:btih:113cbe0341cbf2e3cccc97ae096667e7efd119b3&dn=%5Bjavdb.com%5DTina%20Yuzuki%20SUPD-077.viovid.com.mp4&xl=2735074804,8/7/25 20:19,8/10/25 14:16,8/10/25 14:16,success,
7fa2d5063da3c2c251e73c9640992dacd9c7ffa9,[javdb.com]ROYD-242,Daily Ingestion,magnet:?xt=urn:btih:7fa2d5063da3c2c251e73c9640992dacd9c7ffa9&dn=%5Bjavdb.com%5DROYD-242&xl=6460513310,8/10/25 15:28,8/13/25 19:06,8/13/25 19:06,success,
af3bbeb08f066b29bfdbe89e58076d11465ec050,[javdb.com]JUR-299.[4K]@R90s,Daily Ingestion,magnet:?xt=urn:btih:af3bbeb08f066b29bfdbe89e58076d11465ec050&dn=%5Bjavdb.com%5DJUR-299.%5B4K%5D%40R90s&xl=21210151097,8/10/25 15:27,8/13/25 19:06,8/13/25 19:06,success,
4f1038bddf24d22941f8f799322bf0183d3da857,[javdb.com]FOCS-249,Daily Ingestion,magnet:?xt=urn:btih:4f1038bddf24d22941f8f799322bf0183d3da857&dn=%5Bjavdb.com%5DFOCS-249&xl=1159686302,8/10/25 15:29,8/13/25 19:06,8/13/25 19:06,success,
db7e55cbfd9fbb7fad015d80134ab78bea0bc20b,[javdb.com]EBWH-215-U【成人抖音-黑料-换妻-直播-手机搜bs98.top】【内附百度云】,Daily Ingestion,magnet:?xt=urn:btih:db7e55cbfd9fbb7fad015d80134ab78bea0bc20b&dn=%5Bjavdb.com%5DEBWH-215-U%E3%80%90%E6%88%90%E4%BA%BA%E6%8A%96%E9%9F%B3-%E9%BB%91%E6%96%99-%E6%8D%A2%E5%A6%BB-%E7%9B%B4%E6%92%AD-%E6%89%8B%E6%9C%BA%E6%90%9Cbs98.top%E3%80%91%E3%80%90%E5%86%85%E9%99%84%E7%99%BE%E5%BA%A6%E4%BA%91%E3%80%91&xl=1437057106,8/10/25 15:26,8/13/25 19:06,8/13/25 19:06,success,
375c94809bdd530340b1f86cc4f03c0fe33eaad0,[javdb.com]NHDTC-059,Daily Ingestion,magnet:?xt=urn:btih:375c94809bdd530340b1f86cc4f03c0fe33eaad0&dn=%5Bjavdb.com%5DNHDTC-059&xl=1818382582,8/10/25 15:27,8/13/25 19:06,8/13/25 19:06,success,
c9d537f08f1a05f625aad560ec5fc103ea4af066,[javdb.com]MIAB-491,Daily Ingestion,magnet:?xt=urn:btih:c9d537f08f1a05f625aad560ec5fc103ea4af066&dn=%5Bjavdb.com%5DMIAB-491&xl=1207959670,8/10/25 15:26,8/13/25 19:06,8/13/25 19:06,success,
d4b087e3a7ac8ed739b49a91c3aecda4a4000480,[javdb.com]BBTU-101,Daily Ingestion,magnet:?xt=urn:btih:d4b087e3a7ac8ed739b49a91c3aecda4a4000480&dn=%5Bjavdb.com%5DBBTU-101&xl=2597520649,8/10/25 15:26,8/13/25 19:06,8/13/25 19:06,success,
924764291dfdb8368a1fc74955b3a49cd32fb8c6,[javdb.com]SONE-734,Daily Ingestion,magnet:?xt=urn:btih:924764291dfdb8368a1fc74955b3a49cd32fb8c6&dn=%5Bjavdb.com%5DSONE-734&xl=10932647892,8/10/25 15:27,8/13/25 19:06,8/13/25 19:06,success,
ffea0ffab0772245241ef3cdcadf5486d50bb6c3,[javdb.com]MISM-388,Daily Ingestion,magnet:?xt=urn:btih:ffea0ffab0772245241ef3cdcadf5486d50bb6c3&dn=%5Bjavdb.com%5DMISM-388&xl=1252186720,8/10/25 15:27,8/13/25 19:06,8/13/25 19:06,success,
d0bd74fb2f0006388e77f022d7bddc15aa3ae71f,[javdb.com]DANDY-982.[4K]@R90s,Daily Ingestion,magnet:?xt=urn:btih:d0bd74fb2f0006388e77f022d7bddc15aa3ae71f&dn=%5Bjavdb.com%5DDANDY-982.%5B4K%5D%40R90s&xl=19165121880,8/10/25 15:29,8/13/25 19:06,8/13/25 19:06,success,
aa5861ccfef96892e02f5f1c9a363c95a0995f26,[javdb.com]ZRK-002,Daily Ingestion,magnet:?xt=urn:btih:aa5861ccfef96892e02f5f1c9a363c95a0995f26&dn=%5Bjavdb.com%5DZRK-002&xl=1282144015,8/10/25 15:29,8/13/25 19:06,8/13/25 19:06,success,
e47eb0f7c1cc07bc0e06335e79d44b4ca5efb6e1,[javdb.com]NACR-960,Daily Ingestion,magnet:?xt=urn:btih:e47eb0f7c1cc07bc0e06335e79d44b4ca5efb6e1&dn=%5Bjavdb.com%5DNACR-960&xl=1256751730,8/10/25 15:27,8/13/25 19:06,8/13/25 19:06,success,
3906a68d869e1c866995aa9f2192cadd0da95f4d,[javdb.com]NPJS-192,Daily Ingestion,magnet:?xt=urn:btih:3906a68d869e1c866995aa9f2192cadd0da95f4d&dn=%5Bjavdb.com%5DNPJS-192&xl=2440162681,8/10/25 15:28,8/13/25 19:06,8/13/25 19:06,success,
34aa70dc547fae79928589497034f03e39689d71,[javdb.com]HUNTC-273,Daily Ingestion,magnet:?xt=urn:btih:34aa70dc547fae79928589497034f03e39689d71&dn=%5Bjavdb.com%5DHUNTC-273&xl=4061047696,8/10/25 15:27,8/13/25 19:06,8/13/25 19:06,success,
c97770c03439049cc5519317ba238b79837597d4,[javdb.com]dnjr-141,Daily Ingestion,magnet:?xt=urn:btih:c97770c03439049cc5519317ba238b79837597d4&dn=%5Bjavdb.com%5Ddnjr-141&xl=5844899819,8/10/25 15:25,8/13/25 19:06,8/13/25 19:06,success,
949e0c8b3b015bcc3ee72c08fd620163e3f4f91b,[javdb.com]smok-015,Daily Ingestion,magnet:?xt=urn:btih:949e0c8b3b015bcc3ee72c08fd620163e3f4f91b&dn=%5Bjavdb.com%5Dsmok-015&xl=7228696979,8/10/25 15:28,8/13/25 19:06,8/13/25 19:06,success,
e6c71546aaa195fe3bd884a605782d64b32d7dab,[javdb.com]FTHTD-098,Daily Ingestion,magnet:?xt=urn:btih:e6c71546aaa195fe3bd884a605782d64b32d7dab&dn=%5Bjavdb.com%5DFTHTD-098&xl=1364786802,8/10/25 15:27,8/13/25 19:06,8/13/25 19:06,success,
9be190a10143b71affac08abd291cbd07e9a12c2,[javdb.com]cead-696,Daily Ingestion,magnet:?xt=urn:btih:9be190a10143b71affac08abd291cbd07e9a12c2&dn=%5Bjavdb.com%5Dcead-696&xl=6599868629,8/10/25 14:15,8/13/25 19:06,8/13/25 19:06,success,
0b7c13aaa1c05374a1a61981c092afc548985559,[javdb.com]NAMH-031,Daily Ingestion,magnet:?xt=urn:btih:0b7c13aaa1c05374a1a61981c092afc548985559&dn=%5Bjavdb.com%5DNAMH-031&xl=1070609992,8/10/25 15:26,8/13/25 19:06,8/13/25 19:06,success,
8dcfb96c45167abb61f0e56c6be6549ab62ee089,[javdb.com]XVSR-817,Daily Ingestion,magnet:?xt=urn:btih:8dcfb96c45167abb61f0e56c6be6549ab62ee089&dn=%5Bjavdb.com%5DXVSR-817&xl=2967237021,8/10/25 15:28,8/13/25 19:06,8/13/25 19:06,success,
e2c76d3ac25b1c7cd7c15aad0a28994a08c28d7a,[javdb.com]FTKD-024,Daily Ingestion,magnet:?xt=urn:btih:e2c76d3ac25b1c7cd7c15aad0a28994a08c28d7a&dn=%5Bjavdb.com%5DFTKD-024&xl=4590099921,8/10/25 15:27,8/13/25 19:06,8/13/25 19:06,success,
88fc0023c16272c306a4332c7f7cf4fa9b02b719,[javdb.com]ASEX-002,Daily Ingestion,magnet:?xt=urn:btih:88fc0023c16272c306a4332c7f7cf4fa9b02b719&dn=%5Bjavdb.com%5DASEX-002&xl=1335722414,8/10/25 15:27,8/13/25 19:06,8/13/25 19:06,success,
5943838ebb6eb37de75debe98d7f7397f8c55ba4,[javdb.com]JYMA-082,Daily Ingestion,magnet:?xt=urn:btih:5943838ebb6eb37de75debe98d7f7397f8c55ba4&dn=%5Bjavdb.com%5DJYMA-082,8/10/25 15:27,8/13/25 19:07,8/13/25 19:07,success,
50afbcf310a3dd46a33b1549c7cfdae89e03cd0a,[javdb.com]CEMD-685,Daily Ingestion,magnet:?xt=urn:btih:50afbcf310a3dd46a33b1549c7cfdae89e03cd0a&dn=%5Bjavdb.com%5DCEMD-685&xl=3487787037,8/10/25 15:27,8/13/25 19:07,8/13/25 19:07,success,
cfc85e3fd651c85459b0264a38592aea880ea27c,[javdb.com]ROYD-240,Daily Ingestion,magnet:?xt=urn:btih:cfc85e3fd651c85459b0264a38592aea880ea27c&dn=%5Bjavdb.com%5DROYD-240&xl=9063540959,8/10/25 15:27,8/13/25 19:07,8/13/25 19:07,success,
1d3ea8736af2c81e6d352c181b63773a0b45ce43,[javdb.com]FJIN-078,Daily Ingestion,magnet:?xt=urn:btih:1d3ea8736af2c81e6d352c181b63773a0b45ce43&dn=%5Bjavdb.com%5DFJIN-078&xl=3804199646,8/10/25 15:28,8/14/25 19:44,8/14/25 19:44,success,
637c856227fc86b8041d1ad2b23bdb01a321a665,[javdb.com]EBWH-220-U【成人抖音-黑料-换妻-直播-手机搜bs98.top】【内附百度云】,Daily Ingestion,magnet:?xt=urn:btih:637c856227fc86b8041d1ad2b23bdb01a321a665&dn=%5Bjavdb.com%5DEBWH-220-U%E3%80%90%E6%88%90%E4%BA%BA%E6%8A%96%E9%9F%B3-%E9%BB%91%E6%96%99-%E6%8D%A2%E5%A6%BB-%E7%9B%B4%E6%92%AD-%E6%89%8B%E6%9C%BA%E6%90%9Cbs98.top%E3%80%91%E3%80%90%E5%86%85%E9%99%84%E7%99%BE%E5%BA%A6%E4%BA%91%E3%80%91&xl=1402735710,8/10/25 15:26,8/14/25 19:44,8/14/25 19:44,success,
dd5ca04d76c00e21e46348009d7730c7b2337809,[javdb.com]NAMH-034,Daily Ingestion,magnet:?xt=urn:btih:dd5ca04d76c00e21e46348009d7730c7b2337809&dn=%5Bjavdb.com%5DNAMH-034&xl=1243287273,8/10/25 15:29,8/14/25 19:44,8/14/25 19:44,success,
ac1e96949aae90bc6f58655364f81bd1bbf03d39,[javdb.com]KIT-010,Daily Ingestion,magnet:?xt=urn:btih:ac1e96949aae90bc6f58655364f81bd1bbf03d39&dn=%5Bjavdb.com%5DKIT-010&xl=1271120894,8/10/25 15:27,8/14/25 19:44,8/14/25 19:44,success,
47b8bc201248586fb73ee7894f97c8d8e7469a44,[javdb.com]BABD-020,Daily Ingestion,magnet:?xt=urn:btih:47b8bc201248586fb73ee7894f97c8d8e7469a44&dn=%5Bjavdb.com%5DBABD-020&xl=2437926493,8/10/25 15:28,8/14/25 19:44,8/14/25 19:44,success,
29f7c7a178e5cd7205575202ede23681646af6f1,[javdb.com]第一會所新片@SIS001@PPPE-334,Daily Ingestion,magnet:?xt=urn:btih:29f7c7a178e5cd7205575202ede23681646af6f1&dn=%5Bjavdb.com%5D%E7%AC%AC%E4%B8%80%E6%9C%83%E6%89%80%E6%96%B0%E7%89%87%40SIS001%40PPPE-334&xl=7039062970,8/10/25 15:26,8/14/25 19:44,8/14/25 19:44,success,
f680fffe0681680699a916748691b7fa88f351df,[javdb.com]ABP-673.torrent,Daily Ingestion,magnet:?xt=urn:btih:f680fffe0681680699a916748691b7fa88f351df&dn=%5Bjavdb.com%5DABP-673.torrent&xl=5918410736,8/10/25 14:36,8/14/25 19:44,8/14/25 19:44,success,
f13b6530ab5738fd76dc1dc313c8f2f1625cb1be,[javdb.com]第一會所新片@SIS001@SODS-068,Daily Ingestion,magnet:?xt=urn:btih:f13b6530ab5738fd76dc1dc313c8f2f1625cb1be&dn=%5Bjavdb.com%5D%E7%AC%AC%E4%B8%80%E6%9C%83%E6%89%80%E6%96%B0%E7%89%87%40SIS001%40SODS-068&xl=27157358181,8/10/25 15:26,8/14/25 19:44,8/14/25 19:44,success,
b72fe002c9a0a75b00326889ca3c6239ef231523,[javdb.com]SAN-354,Daily Ingestion,magnet:?xt=urn:btih:b72fe002c9a0a75b00326889ca3c6239ef231523&dn=%5Bjavdb.com%5DSAN-354&xl=1042931829,8/10/25 15:28,8/14/25 19:44,8/14/25 19:44,success,
3547934ecee465573b51d6eda9eb648ffafdb244,[javdb.com]NECO-003,Daily Ingestion,magnet:?xt=urn:btih:3547934ecee465573b51d6eda9eb648ffafdb244&dn=%5Bjavdb.com%5DNECO-003&xl=2849722533,8/10/25 15:27,8/14/25 19:44,8/14/25 19:44,success,
db8f0027774573660ff50ad8bf3d9112269cc886,[javdb.com]fstu-008,Daily Ingestion,magnet:?xt=urn:btih:db8f0027774573660ff50ad8bf3d9112269cc886&dn=%5Bjavdb.com%5Dfstu-008&xl=5248187983,8/10/25 15:26,8/14/25 19:44,8/14/25 19:44,success,
1cf4d89e4a9627117c371785dc00110d830666c8,[javdb.com]SGKI-048,Daily Ingestion,magnet:?xt=urn:btih:1cf4d89e4a9627117c371785dc00110d830666c8&dn=%5Bjavdb.com%5DSGKI-048&xl=1850212470,8/10/25 15:27,8/14/25 19:44,8/14/25 19:44,success,
83c7072b62f316d68688e334f0edb3efc0ec953b,[javdb.com]adn-010-C.torrent,Daily Ingestion,magnet:?xt=urn:btih:83c7072b62f316d68688e334f0edb3efc0ec953b&dn=%5Bjavdb.com%5Dadn-010-C.torrent&xl=5162019517,8/10/25 14:35,8/14/25 19:44,8/14/25 19:44,success,
befb63f6ebceff2c6f19335974f799d87417358d,[javdb.com]DIGI-253,Daily Ingestion,magnet:?xt=urn:btih:befb63f6ebceff2c6f19335974f799d87417358d&dn=%5Bjavdb.com%5DDIGI-253&xl=6745166576,8/10/25 15:27,8/14/25 19:44,8/14/25 19:44,success,
b166e13fdc464ed35461ee072cddc36c35e3ea97,[javdb.com]JUR-317.[4K]@R90s,Daily Ingestion,magnet:?xt=urn:btih:b166e13fdc464ed35461ee072cddc36c35e3ea97&dn=%5Bjavdb.com%5DJUR-317.%5B4K%5D%40R90s&xl=26331123847,8/10/25 15:27,8/14/25 19:44,8/14/25 19:44,success,
46d80f92e613800b3e4a66b83a664be0abbc5e3f,[javdb.com]STSK-178-HD,Daily Ingestion,magnet:?xt=urn:btih:46d80f92e613800b3e4a66b83a664be0abbc5e3f&dn=%5Bjavdb.com%5DSTSK-178-HD&xl=2223570524,8/10/25 15:29,8/14/25 19:44,8/14/25 19:44,success,
5f3407dbf179430d9a7d3ff4a707e6252dfb2a86,[javdb.com]NACR-956,Daily Ingestion,magnet:?xt=urn:btih:5f3407dbf179430d9a7d3ff4a707e6252dfb2a86&dn=%5Bjavdb.com%5DNACR-956&xl=1202048739,8/10/25 15:27,8/14/25 19:44,8/14/25 19:44,success,
5480f619bd61ecc54de50c3d3e14c3efa910179f,[javdb.com]BAB-159,Daily Ingestion,magnet:?xt=urn:btih:5480f619bd61ecc54de50c3d3e14c3efa910179f&dn=%5Bjavdb.com%5DBAB-159&xl=2719232271,8/10/25 15:27,8/14/25 19:44,8/14/25 19:44,success,
6acaf0711536e13b5688b1ed25780ff94520d63c,[javdb.com]MIDA-145,Daily Ingestion,magnet:?xt=urn:btih:6acaf0711536e13b5688b1ed25780ff94520d63c&dn=%5Bjavdb.com%5DMIDA-145&xl=2947754597,8/10/25 15:26,8/14/25 19:44,8/14/25 19:44,success,
ba9a181839ebaf356a4ebf5e7fe1f6c8910fcdc5,[javdb.com]MFYD-001.[4K]@R90s,Daily Ingestion,magnet:?xt=urn:btih:ba9a181839ebaf356a4ebf5e7fe1f6c8910fcdc5&dn=%5Bjavdb.com%5DMFYD-001.%5B4K%5D%40R90s&xl=29337798583,8/10/25 15:26,8/14/25 19:44,8/14/25 19:44,success,
41fb4a1ea3b5e7f45bbd85d82ef05889c3071a32,[javdb.com]RBK-113,Daily Ingestion,magnet:?xt=urn:btih:41fb4a1ea3b5e7f45bbd85d82ef05889c3071a32&dn=%5Bjavdb.com%5DRBK-113&xl=1176652684,8/10/25 15:28,8/14/25 19:44,8/14/25 19:44,success,
419fd03b95cc78253a780853d7d1f73ec5352b29,[javdb.com]MUKD-531 โทมิ คานาตะ [Ai ลบเซ็นเซอร์],Daily Ingestion,magnet:?xt=urn:btih:419fd03b95cc78253a780853d7d1f73ec5352b29&dn=%5Bjavdb.com%5DMUKD-531%20%E0%B9%82%E0%B8%97%E0%B8%A1%E0%B8%B4%20%E0%B8%84%E0%B8%B2%E0%B8%99%E0%B8%B2%E0%B8%95%E0%B8%B0%20%5BAi%20%E0%B8%A5%E0%B8%9A%E0%B9%80%E0%B8%8B%E0%B9%87%E0%B8%99%E0%B9%80%E0%B8%8B%E0%B8%AD%E0%B8%A3%E0%B9%8C%5D,8/10/25 15:26,8/14/25 19:44,8/14/25 19:44,success,
16d1abce1219d62c5ac97410a01f653b62352417,[javdb.com]AQSH-124,Daily Ingestion,magnet:?xt=urn:btih:16d1abce1219d62c5ac97410a01f653b62352417&dn=%5Bjavdb.com%5DAQSH-124&xl=2439316782,8/10/25 15:26,8/14/25 19:44,8/14/25 19:44,success,
b97758a82dcb82352ed7b7e1ffdeec1118453963,[javdb.com]MIAB-414,Daily Ingestion,magnet:?xt=urn:btih:b97758a82dcb82352ed7b7e1ffdeec1118453963&dn=%5Bjavdb.com%5DMIAB-414&xl=1154139341,8/10/25 15:28,8/14/25 19:44,8/14/25 19:44,success,
f986512b930c1daf31f83aa18b829d0658507db7,[javdb.com]KTB-096,Daily Ingestion,magnet:?xt=urn:btih:f986512b930c1daf31f83aa18b829d0658507db7&dn=%5Bjavdb.com%5DKTB-096&xl=1396461481,8/10/25 15:28,8/14/25 19:44,8/14/25 19:44,success,
bbac254c987aba4d7c781ee06f38cd7ebd05135c,[javdb.com]JUR-238.[4K]@R90s,Daily Ingestion,magnet:?xt=urn:btih:bbac254c987aba4d7c781ee06f38cd7ebd05135c&dn=%5Bjavdb.com%5DJUR-238.%5B4K%5D%40R90s&xl=29616776262,8/10/25 14:15,8/14/25 19:44,8/14/25 19:44,success,
d4a3bbca96fdbba9f4b8cea29e30428b1a2e0582,[javdb.com]MBDD-2145,Daily Ingestion,magnet:?xt=urn:btih:d4a3bbca96fdbba9f4b8cea29e30428b1a2e0582&dn=%5Bjavdb.com%5DMBDD-2145&xl=4575163146,8/10/25 15:27,8/14/25 19:44,8/14/25 19:44,success,
6ea0e935a9adb9a69fbf2647ea59c9317b5c4fea,[javdb.com]JUR-302.[4K]@R90s,Daily Ingestion,magnet:?xt=urn:btih:6ea0e935a9adb9a69fbf2647ea59c9317b5c4fea&dn=%5Bjavdb.com%5DJUR-302.%5B4K%5D%40R90s&xl=21270008094,8/10/25 15:27,8/14/25 19:44,8/14/25 19:44,success,
e15351e8906a03fe9525e89d8c57b615bd2969e2,[javdb.com]MIAB-357,Daily Ingestion,magnet:?xt=urn:btih:e15351e8906a03fe9525e89d8c57b615bd2969e2&dn=%5Bjavdb.com%5DMIAB-357&xl=1351948886,8/10/25 15:28,8/14/25 19:44,8/14/25 19:44,success,
21895ec13a6f5f97cac63e35c0dd73030c9c8924,[javdb.com]fkou-001,Daily Ingestion,magnet:?xt=urn:btih:21895ec13a6f5f97cac63e35c0dd73030c9c8924&dn=%5Bjavdb.com%5Dfkou-001&xl=8344795549,8/10/25 15:28,8/14/25 19:44,8/14/25 19:44,success,
52074923b91f3c94012e2f5a58404ab5b38b8131,[javdb.com]GVH-746,Daily Ingestion,magnet:?xt=urn:btih:52074923b91f3c94012e2f5a58404ab5b38b8131&dn=%5Bjavdb.com%5DGVH-746&xl=3376158398,8/10/25 15:27,8/14/25 19:44,8/14/25 19:44,success,
b161780417198877b2a4730482a639fa81b68dc5,[javdb.com]cemd-686,Daily Ingestion,magnet:?xt=urn:btih:b161780417198877b2a4730482a639fa81b68dc5&dn=%5Bjavdb.com%5Dcemd-686&xl=9505814095,8/10/25 15:27,8/14/25 19:44,8/14/25 19:44,success,
43d3199f84bd5a0bb8060ecf2c204261778dab01,[javdb.com]DANDY-960.[4K]@R90s,Daily Ingestion,magnet:?xt=urn:btih:43d3199f84bd5a0bb8060ecf2c204261778dab01&dn=%5Bjavdb.com%5DDANDY-960.%5B4K%5D%40R90s&xl=18850070504,8/10/25 15:27,8/14/25 19:44,8/14/25 19:44,success,
2605a78ed7daee1dc2986da0d685b0c8e362bf16,[javdb.com]ymdd-452,Daily Ingestion,magnet:?xt=urn:btih:2605a78ed7daee1dc2986da0d685b0c8e362bf16&dn=%5Bjavdb.com%5Dymdd-452&xl=10979504766,8/10/25 15:28,8/14/25 19:44,8/14/25 19:44,success,
c71c1e286db03e52ca0d0831689f52cab876ba39,[javdb.com]SPLT-002,Daily Ingestion,magnet:?xt=urn:btih:c71c1e286db03e52ca0d0831689f52cab876ba39&dn=%5Bjavdb.com%5DSPLT-002&xl=5570078826,8/10/25 15:27,8/14/25 19:44,8/14/25 19:44,success,
badb6dcaa762fe88c189cdaf2e13663cde8f3371,[javdb.com]YMDD-448,Daily Ingestion,magnet:?xt=urn:btih:badb6dcaa762fe88c189cdaf2e13663cde8f3371&dn=%5Bjavdb.com%5DYMDD-448&xl=1354914403,8/10/25 15:28,8/14/25 19:44,8/14/25 19:44,success,
d2ed38b3a2de257d24adb9e93faa50dd123be8a3,[javdb.com]XVSR-814,Daily Ingestion,magnet:?xt=urn:btih:d2ed38b3a2de257d24adb9e93faa50dd123be8a3&dn=%5Bjavdb.com%5DXVSR-814&xl=2442396896,8/10/25 15:28,8/14/25 19:44,8/14/25 19:44,success,
0fd36bb175e38b53e8e89b31958284d2d2a2b490,[javdb.com]jur-327,Daily Ingestion,magnet:?xt=urn:btih:0fd36bb175e38b53e8e89b31958284d2d2a2b490&dn=%5Bjavdb.com%5Djur-327&xl=6269098560,8/10/25 15:27,8/14/25 19:44,8/14/25 19:44,success,
17aaded2b4455d989bba81133ea0e240047a8d5c,[javdb.com]BOKO-024 4K Hikaru Miyanishi 宮西ひかる,Daily Ingestion,magnet:?xt=urn:btih:17aaded2b4455d989bba81133ea0e240047a8d5c&dn=%5Bjavdb.com%5DBOKO-024%204K%20Hikaru%20Miyanishi%20%E5%AE%AE%E8%A5%BF%E3%81%B2%E3%81%8B%E3%82%8B&xl=10573500715,8/10/25 15:29,8/14/25 19:44,8/14/25 19:44,success,
b37d08442b96da058c893cd9bb913b390c7b04da,[javdb.com]sora-600,Daily Ingestion,magnet:?xt=urn:btih:b37d08442b96da058c893cd9bb913b390c7b04da&dn=%5Bjavdb.com%5Dsora-600&xl=5625342894,8/10/25 15:28,8/14/25 19:44,8/14/25 19:44,success,
faad3ebb8057ccd47a77b57f2035ead2164b9006,[javdb.com]JYMA-083,Daily Ingestion,magnet:?xt=urn:btih:faad3ebb8057ccd47a77b57f2035ead2164b9006&dn=%5Bjavdb.com%5DJYMA-083,8/10/25 15:27,8/14/25 19:44,8/14/25 19:44,success,
3479419234a4cc4027474902d46b69ca16cfcae6,[javdb.com]BBAN-008.桜井あゆ.椎名ゆなと桜井あゆの旅ビアン,Daily Ingestion,magnet:?xt=urn:btih:3479419234a4cc4027474902d46b69ca16cfcae6&dn=%5Bjavdb.com%5DBBAN-008.%E6%A1%9C%E4%BA%95%E3%81%82%E3%82%86.%E6%A4%8E%E5%90%8D%E3%82%86%E3%81%AA%E3%81%A8%E6%A1%9C%E4%BA%95%E3%81%82%E3%82%86%E3%81%AE%E6%97%85%E3%83%93%E3%82%A2%E3%83%B3&xl=1682964480,8/10/25 14:15,8/14/25 19:44,8/14/25 19:44,success,
1b0d55d71d8dec8073c3a63680070a96cb05203d,[javdb.com]DOCD-062,Daily Ingestion,magnet:?xt=urn:btih:1b0d55d71d8dec8073c3a63680070a96cb05203d&dn=%5Bjavdb.com%5DDOCD-062&xl=2008200543,8/10/25 15:29,8/14/25 19:44,8/14/25 19:44,success,
97ace09ad09716f00012bcd7f5df689e24b572da,[javdb.com]mudr-319,Daily Ingestion,magnet:?xt=urn:btih:97ace09ad09716f00012bcd7f5df689e24b572da&dn=%5Bjavdb.com%5Dmudr-319&xl=4860765326,8/10/25 15:26,8/14/25 19:44,8/14/25 19:44,success,
9a0e69251d6bfbabea30349ab6480ae8d2a8036d,[javdb.com]HHED-064,Daily Ingestion,magnet:?xt=urn:btih:9a0e69251d6bfbabea30349ab6480ae8d2a8036d&dn=%5Bjavdb.com%5DHHED-064&xl=1134702441,8/10/25 15:28,8/14/25 19:44,8/14/25 19:44,success,
10a52b3cabac358b57277acc627383262d4ea055,[javdb.com]FLAV-393,Daily Ingestion,magnet:?xt=urn:btih:10a52b3cabac358b57277acc627383262d4ea055&dn=%5Bjavdb.com%5DFLAV-393&xl=6699755297,8/10/25 15:27,8/14/25 19:44,8/14/25 19:44,success,
e80bbb0d206ca493a8166041f3eabe9aad2585ad,[javdb.com]MIST-472,Daily Ingestion,magnet:?xt=urn:btih:e80bbb0d206ca493a8166041f3eabe9aad2585ad&dn=%5Bjavdb.com%5DMIST-472&xl=3396177723,8/10/25 15:29,8/14/25 19:44,8/14/25 19:44,success,
3f1ca0204a060d113ad0549c1c4089e6d7fd237a,[javdb.com]SQTE-611-4K,Daily Ingestion,magnet:?xt=urn:btih:3f1ca0204a060d113ad0549c1c4089e6d7fd237a&dn=%5Bjavdb.com%5DSQTE-611-4K&xl=10860133005,8/10/25 15:26,8/14/25 19:44,8/14/25 19:44,success,
21b4ada5644be62630189c3283d0ad8d4d742ac9,[javdb.com]EBWH-228-U【成人抖音-黑料-换妻-直播-手机搜bs98.top】【内附百度云】,Daily Ingestion,magnet:?xt=urn:btih:21b4ada5644be62630189c3283d0ad8d4d742ac9&dn=%5Bjavdb.com%5DEBWH-228-U%E3%80%90%E6%88%90%E4%BA%BA%E6%8A%96%E9%9F%B3-%E9%BB%91%E6%96%99-%E6%8D%A2%E5%A6%BB-%E7%9B%B4%E6%92%AD-%E6%89%8B%E6%9C%BA%E6%90%9Cbs98.top%E3%80%91%E3%80%90%E5%86%85%E9%99%84%E7%99%BE%E5%BA%A6%E4%BA%91%E3%80%91,8/10/25 15:26,8/14/25 19:44,8/14/25 19:44,success,
95551de598a64ae162699b98b39117d22eab94b5,[javdb.com]ncyf-042,Daily Ingestion,magnet:?xt=urn:btih:95551de598a64ae162699b98b39117d22eab94b5&dn=%5Bjavdb.com%5Dncyf-042&xl=7447084364,8/10/25 15:26,8/14/25 19:44,8/14/25 19:44,success,
f166e7595aa955cb16751037afe17ad9bc9e66e2,[javdb.com]HOKS-198.[4K]@R90s,Daily Ingestion,magnet:?xt=urn:btih:f166e7595aa955cb16751037afe17ad9bc9e66e2&dn=%5Bjavdb.com%5DHOKS-198.%5B4K%5D%40R90s&xl=8441231280,8/10/25 15:28,8/14/25 19:44,8/14/25 19:44,success,
a3497e6f987bf069ba2d7f9f1712c14c87703609,[javdb.com]UFD-077.[4K]@R90s,Daily Ingestion,magnet:?xt=urn:btih:a3497e6f987bf069ba2d7f9f1712c14c87703609&dn=%5Bjavdb.com%5DUFD-077.%5B4K%5D%40R90s&xl=10861522608,8/10/25 15:29,8/14/25 19:44,8/14/25 19:44,success,
38ed31a10755b29a83f5c8d5773d425d1f7726dd,[javdb.com]CJOB-181,Daily Ingestion,magnet:?xt=urn:btih:38ed31a10755b29a83f5c8d5773d425d1f7726dd&dn=%5Bjavdb.com%5DCJOB-181&xl=2331712217,8/10/25 15:27,8/14/25 19:44,8/14/25 19:44,success,
c756d8927c92795168e02c44c06a0d5e0717dbbd,[javdb.com]JUR-337.[4K]@R90s,Daily Ingestion,magnet:?xt=urn:btih:c756d8927c92795168e02c44c06a0d5e0717dbbd&dn=%5Bjavdb.com%5DJUR-337.%5B4K%5D%40R90s&xl=27304962514,8/10/25 15:27,8/14/25 19:44,8/14/25 19:44,success,
85fefa773274e88a0c84659abb020e45c849a7ed,[javdb.com]HAWA-345,Daily Ingestion,magnet:?xt=urn:btih:85fefa773274e88a0c84659abb020e45c849a7ed&dn=%5Bjavdb.com%5DHAWA-345&xl=2038196807,8/10/25 15:27,8/14/25 19:44,8/14/25 19:44,success,
9d238edcf84518a33c6e96ced0dfc22b0d9ff4a9,[javdb.com]-CAWD243C,Daily Ingestion,magnet:?xt=urn:btih:9d238edcf84518a33c6e96ced0dfc22b0d9ff4a9&dn=%5Bjavdb.com%5D-CAWD243C&xl=1579867810,8/10/25 14:14,8/14/25 19:44,8/14/25 19:44,success,
dc796a5f4be62cd3dd93392f92d29e429edd0d12,[javdb.com]JUR-283,Daily Ingestion,magnet:?xt=urn:btih:dc796a5f4be62cd3dd93392f92d29e429edd0d12&dn=%5Bjavdb.com%5DJUR-283&xl=3188495881,8/10/25 15:27,8/14/25 19:44,8/14/25 19:44,success,
d0aebdc29b7283341142027333f8fc6603ad4838,[javdb.com]APGH-037.mp4,Daily Ingestion,magnet:?xt=urn:btih:d0aebdc29b7283341142027333f8fc6603ad4838&dn=%5Bjavdb.com%5DAPGH-037.mp4&xl=6843497979,8/10/25 15:29,8/14/25 19:44,8/14/25 19:44,success,
15d72d89b5d127cb0c67ff3019ae38270533a4a5,[javdb.com]ANTW-001,Daily Ingestion,magnet:?xt=urn:btih:15d72d89b5d127cb0c67ff3019ae38270533a4a5&dn=%5Bjavdb.com%5DANTW-001&xl=1178054401,8/10/25 15:27,8/14/25 19:44,8/14/25 19:44,success,
ff6118f908a756f0dc86f808c47e5558261fbd8f,[javdb.com]MIDA-184,Daily Ingestion,magnet:?xt=urn:btih:ff6118f908a756f0dc86f808c47e5558261fbd8f&dn=%5Bjavdb.com%5DMIDA-184&xl=2994897591,8/10/25 15:28,8/14/25 19:44,8/14/25 19:44,success,
3e3364a3213bb43e5765477fbb41892b5be35cc9,[javdb.com]DRPT-089,Daily Ingestion,magnet:?xt=urn:btih:3e3364a3213bb43e5765477fbb41892b5be35cc9&dn=%5Bjavdb.com%5DDRPT-089&xl=1555557974,8/10/25 15:29,8/14/25 19:44,8/14/25 19:44,success,
0efab8017312faec26274495f900fe3d05089bbc,[javdb.com]KSBJ-382-FHD,Daily Ingestion,magnet:?xt=urn:btih:0efab8017312faec26274495f900fe3d05089bbc&dn=%5Bjavdb.com%5DKSBJ-382-FHD&xl=3488258912,8/10/25 15:28,8/14/25 19:44,8/14/25 19:44,success,
6c348d74f6a980c95d0089df8c1cc0e9aa137b1f,[javdb.com]MANX-012,Daily Ingestion,magnet:?xt=urn:btih:6c348d74f6a980c95d0089df8c1cc0e9aa137b1f&dn=%5Bjavdb.com%5DMANX-012&xl=2048618590,8/10/25 15:28,8/14/25 19:44,8/14/25 19:44,success,
b7b02e6c0005f1c7e780924edcfc62bfe71f65ba,[javdb.com]MISM-382,Daily Ingestion,magnet:?xt=urn:btih:b7b02e6c0005f1c7e780924edcfc62bfe71f65ba&dn=%5Bjavdb.com%5DMISM-382&xl=1398858238,8/10/25 15:27,8/14/25 19:44,8/14/25 19:44,success,
8276f08282dedb2cdb8f435a033f7cb77e226d31,[javdb.com]fthtd-118,Daily Ingestion,magnet:?xt=urn:btih:8276f08282dedb2cdb8f435a033f7cb77e226d31&dn=%5Bjavdb.com%5Dfthtd-118&xl=6466582289,8/10/25 15:27,8/14/25 19:44,8/14/25 19:44,success,
a4c3614a6f027c578a1f760f4d1fcfcfac86289b,[javdb.com]MFYD-009.[4K]@R90s,Daily Ingestion,magnet:?xt=urn:btih:a4c3614a6f027c578a1f760f4d1fcfcfac86289b&dn=%5Bjavdb.com%5DMFYD-009.%5B4K%5D%40R90s&xl=20336227193,8/10/25 15:26,8/14/25 19:44,8/14/25 19:44,success,
2510f2731f1017aede8da89561374c2ba53265f5,[javdb.com]XVSR-818,Daily Ingestion,magnet:?xt=urn:btih:2510f2731f1017aede8da89561374c2ba53265f5&dn=%5Bjavdb.com%5DXVSR-818&xl=1421570198,8/10/25 15:28,8/14/25 19:44,8/14/25 19:44,success,
f3e123660f2cfee64558e0a25beaeb441e417c31,[javdb.com]BMW-334,Daily Ingestion,magnet:?xt=urn:btih:f3e123660f2cfee64558e0a25beaeb441e417c31&dn=%5Bjavdb.com%5DBMW-334&xl=2275887002,8/10/25 15:28,8/14/25 19:44,8/14/25 19:44,success,
ef05bf0bbf5808a1ac98aa8c3d935345a89dfe5c,[javdb.com]EBWH-220,Daily Ingestion,magnet:?xt=urn:btih:ef05bf0bbf5808a1ac98aa8c3d935345a89dfe5c&dn=%5Bjavdb.com%5DEBWH-220&xl=2440445049,8/10/25 15:26,8/14/25 19:44,8/14/25 19:44,success,
ac9cf0b1ae763a015d9428e5129c6c71d6af8bf7,[javdb.com]PKPD-368,Daily Ingestion,magnet:?xt=urn:btih:ac9cf0b1ae763a015d9428e5129c6c71d6af8bf7&dn=%5Bjavdb.com%5DPKPD-368&xl=2528426500,8/10/25 15:26,8/14/25 19:44,8/14/25 19:44,success,
c0f39bf7a25db1505ddae9e1ed94611a4d3d91d1,[javdb.com]FJIN-077,Daily Ingestion,magnet:?xt=urn:btih:c0f39bf7a25db1505ddae9e1ed94611a4d3d91d1&dn=%5Bjavdb.com%5DFJIN-077&xl=2583512415,8/10/25 15:28,8/14/25 19:44,8/14/25 19:44,success,
ba27e3306d933de5ff6d7f5d4cff0da342604724,[javdb.com]miab-480,Daily Ingestion,magnet:?xt=urn:btih:ba27e3306d933de5ff6d7f5d4cff0da342604724&dn=%5Bjavdb.com%5Dmiab-480&xl=5627643630,8/10/25 15:26,8/14/25 19:44,8/14/25 19:44,success,
ac04277cc903c70cc5f8f4d465651785fd5d5119,[javdb.com]AGAV-139,Daily Ingestion,magnet:?xt=urn:btih:ac04277cc903c70cc5f8f4d465651785fd5d5119&dn=%5Bjavdb.com%5DAGAV-139&xl=2661469722,8/10/25 15:27,8/14/25 19:44,8/14/25 19:44,success,
99552a9869fee52229b5550f31dd73d6c586f595,[javdb.com]第一會所新片@SIS001@EBWH-227,Daily Ingestion,magnet:?xt=urn:btih:99552a9869fee52229b5550f31dd73d6c586f595&dn=%5Bjavdb.com%5D%E7%AC%AC%E4%B8%80%E6%9C%83%E6%89%80%E6%96%B0%E7%89%87%40SIS001%40EBWH-227&xl=5405268648,8/10/25 15:26,8/14/25 19:44,8/14/25 19:44,success,
7402bac2da96cf058ecd45fc831b7c970852618a,[javdb.com]SW-1002,Daily Ingestion,magnet:?xt=urn:btih:7402bac2da96cf058ecd45fc831b7c970852618a&dn=%5Bjavdb.com%5DSW-1002&xl=2926731939,8/10/25 15:27,8/14/25 19:44,8/14/25 19:44,success,
e563bcc9822bc8ede4de00b07b03560fc5f518e3,[javdb.com]KTB-097,Daily Ingestion,magnet:?xt=urn:btih:e563bcc9822bc8ede4de00b07b03560fc5f518e3&dn=%5Bjavdb.com%5DKTB-097&xl=1323020879,8/10/25 15:28,8/14/25 19:44,8/14/25 19:44,success,
b394b0c5b33f8f60fea309a52ef23ef55696d84f,[javdb.com]HUNTC-350,Daily Ingestion,magnet:?xt=urn:btih:b394b0c5b33f8f60fea309a52ef23ef55696d84f&dn=%5Bjavdb.com%5DHUNTC-350&xl=1777606668,8/10/25 15:27,8/14/25 19:44,8/14/25 19:44,success,
e864f14f804ba05a91429730e383b4b16b6356f7,[javdb.com]MIKR-013,Daily Ingestion,magnet:?xt=urn:btih:e864f14f804ba05a91429730e383b4b16b6356f7&dn=%5Bjavdb.com%5DMIKR-013,8/10/25 15:28,8/14/25 19:44,8/14/25 19:44,success,
4335adcf2de5bcd8feadee9f5bafc477c144bdc3,[javdb.com]MUKC-095,Daily Ingestion,magnet:?xt=urn:btih:4335adcf2de5bcd8feadee9f5bafc477c144bdc3&dn=%5Bjavdb.com%5DMUKC-095&xl=1119879286,8/10/25 15:26,8/14/25 19:44,8/14/25 19:44,success,
1d3ea8736af2c81e6d352c181b63773a0b45ce43,[javdb.com]FJIN-078,Daily Ingestion,magnet:?xt=urn:btih:1d3ea8736af2c81e6d352c181b63773a0b45ce43&dn=%5Bjavdb.com%5DFJIN-078&xl=3804199646,8/10/25 15:28,8/14/25 19:44,8/14/25 19:44,success,
637c856227fc86b8041d1ad2b23bdb01a321a665,[javdb.com]EBWH-220-U【成人抖音-黑料-换妻-直播-手机搜bs98.top】【内附百度云】,Daily Ingestion,magnet:?xt=urn:btih:637c856227fc86b8041d1ad2b23bdb01a321a665&dn=%5Bjavdb.com%5DEBWH-220-U%E3%80%90%E6%88%90%E4%BA%BA%E6%8A%96%E9%9F%B3-%E9%BB%91%E6%96%99-%E6%8D%A2%E5%A6%BB-%E7%9B%B4%E6%92%AD-%E6%89%8B%E6%9C%BA%E6%90%9Cbs98.top%E3%80%91%E3%80%90%E5%86%85%E9%99%84%E7%99%BE%E5%BA%A6%E4%BA%91%E3%80%91&xl=1402735710,8/10/25 15:26,8/14/25 19:44,8/14/25 19:44,success,
dd5ca04d76c00e21e46348009d7730c7b2337809,[javdb.com]NAMH-034,Daily Ingestion,magnet:?xt=urn:btih:dd5ca04d76c00e21e46348009d7730c7b2337809&dn=%5Bjavdb.com%5DNAMH-034&xl=1243287273,8/10/25 15:29,8/14/25 19:44,8/14/25 19:44,success,
ac1e96949aae90bc6f58655364f81bd1bbf03d39,[javdb.com]KIT-010,Daily Ingestion,magnet:?xt=urn:btih:ac1e96949aae90bc6f58655364f81bd1bbf03d39&dn=%5Bjavdb.com%5DKIT-010&xl=1271120894,8/10/25 15:27,8/14/25 19:44,8/14/25 19:44,success,
29f7c7a178e5cd7205575202ede23681646af6f1,[javdb.com]第一會所新片@SIS001@PPPE-334,Daily Ingestion,magnet:?xt=urn:btih:29f7c7a178e5cd7205575202ede23681646af6f1&dn=%5Bjavdb.com%5D%E7%AC%AC%E4%B8%80%E6%9C%83%E6%89%80%E6%96%B0%E7%89%87%40SIS001%40PPPE-334&xl=7039062970,8/10/25 15:26,8/14/25 19:44,8/14/25 19:44,success,
f680fffe0681680699a916748691b7fa88f351df,[javdb.com]ABP-673.torrent,Daily Ingestion,magnet:?xt=urn:btih:f680fffe0681680699a916748691b7fa88f351df&dn=%5Bjavdb.com%5DABP-673.torrent&xl=5918410736,8/10/25 14:36,8/14/25 19:44,8/14/25 19:44,success,
f13b6530ab5738fd76dc1dc313c8f2f1625cb1be,[javdb.com]第一會所新片@SIS001@SODS-068,Daily Ingestion,magnet:?xt=urn:btih:f13b6530ab5738fd76dc1dc313c8f2f1625cb1be&dn=%5Bjavdb.com%5D%E7%AC%AC%E4%B8%80%E6%9C%83%E6%89%80%E6%96%B0%E7%89%87%40SIS001%40SODS-068&xl=27157358181,8/10/25 15:26,8/14/25 19:44,8/14/25 19:44,success,
b72fe002c9a0a75b00326889ca3c6239ef231523,[javdb.com]SAN-354,Daily Ingestion,magnet:?xt=urn:btih:b72fe002c9a0a75b00326889ca3c6239ef231523&dn=%5Bjavdb.com%5DSAN-354&xl=1042931829,8/10/25 15:28,8/14/25 19:44,8/14/25 19:44,success,
3547934ecee465573b51d6eda9eb648ffafdb244,[javdb.com]NECO-003,Daily Ingestion,magnet:?xt=urn:btih:3547934ecee465573b51d6eda9eb648ffafdb244&dn=%5Bjavdb.com%5DNECO-003&xl=2849722533,8/10/25 15:27,8/14/25 19:44,8/14/25 19:44,success,
db8f0027774573660ff50ad8bf3d9112269cc886,[javdb.com]fstu-008,Daily Ingestion,magnet:?xt=urn:btih:db8f0027774573660ff50ad8bf3d9112269cc886&dn=%5Bjavdb.com%5Dfstu-008&xl=5248187983,8/10/25 15:26,8/14/25 19:44,8/14/25 19:44,success,
1cf4d89e4a9627117c371785dc00110d830666c8,[javdb.com]SGKI-048,Daily Ingestion,magnet:?xt=urn:btih:1cf4d89e4a9627117c371785dc00110d830666c8&dn=%5Bjavdb.com%5DSGKI-048&xl=1850212470,8/10/25 15:27,8/14/25 19:44,8/14/25 19:44,success,
83c7072b62f316d68688e334f0edb3efc0ec953b,[javdb.com]adn-010-C.torrent,Daily Ingestion,magnet:?xt=urn:btih:83c7072b62f316d68688e334f0edb3efc0ec953b&dn=%5Bjavdb.com%5Dadn-010-C.torrent&xl=5162019517,8/10/25 14:35,8/14/25 19:44,8/14/25 19:44,success,
befb63f6ebceff2c6f19335974f799d87417358d,[javdb.com]DIGI-253,Daily Ingestion,magnet:?xt=urn:btih:befb63f6ebceff2c6f19335974f799d87417358d&dn=%5Bjavdb.com%5DDIGI-253&xl=6745166576,8/10/25 15:27,8/14/25 19:44,8/14/25 19:44,success,
b166e13fdc464ed35461ee072cddc36c35e3ea97,[javdb.com]JUR-317.[4K]@R90s,Daily Ingestion,magnet:?xt=urn:btih:b166e13fdc464ed35461ee072cddc36c35e3ea97&dn=%5Bjavdb.com%5DJUR-317.%5B4K%5D%40R90s&xl=26331123847,8/10/25 15:27,8/14/25 19:44,8/14/25 19:44,success,
46d80f92e613800b3e4a66b83a664be0abbc5e3f,[javdb.com]STSK-178-HD,Daily Ingestion,magnet:?xt=urn:btih:46d80f92e613800b3e4a66b83a664be0abbc5e3f&dn=%5Bjavdb.com%5DSTSK-178-HD&xl=2223570524,8/10/25 15:29,8/14/25 19:44,8/14/25 19:44,success,
5f3407dbf179430d9a7d3ff4a707e6252dfb2a86,[javdb.com]NACR-956,Daily Ingestion,magnet:?xt=urn:btih:5f3407dbf179430d9a7d3ff4a707e6252dfb2a86&dn=%5Bjavdb.com%5DNACR-956&xl=1202048739,8/10/25 15:27,8/14/25 19:44,8/14/25 19:44,success,
5480f619bd61ecc54de50c3d3e14c3efa910179f,[javdb.com]BAB-159,Daily Ingestion,magnet:?xt=urn:btih:5480f619bd61ecc54de50c3d3e14c3efa910179f&dn=%5Bjavdb.com%5DBAB-159&xl=2719232271,8/10/25 15:27,8/14/25 19:44,8/14/25 19:44,success,
6acaf0711536e13b5688b1ed25780ff94520d63c,[javdb.com]MIDA-145,Daily Ingestion,magnet:?xt=urn:btih:6acaf0711536e13b5688b1ed25780ff94520d63c&dn=%5Bjavdb.com%5DMIDA-145&xl=2947754597,8/10/25 15:26,8/14/25 19:44,8/14/25 19:44,success,
41fb4a1ea3b5e7f45bbd85d82ef05889c3071a32,[javdb.com]RBK-113,Daily Ingestion,magnet:?xt=urn:btih:41fb4a1ea3b5e7f45bbd85d82ef05889c3071a32&dn=%5Bjavdb.com%5DRBK-113&xl=1176652684,8/10/25 15:28,8/14/25 19:44,8/14/25 19:44,success,
419fd03b95cc78253a780853d7d1f73ec5352b29,[javdb.com]MUKD-531 โทมิ คานาตะ [Ai ลบเซ็นเซอร์],Daily Ingestion,magnet:?xt=urn:btih:419fd03b95cc78253a780853d7d1f73ec5352b29&dn=%5Bjavdb.com%5DMUKD-531%20%E0%B9%82%E0%B8%97%E0%B8%A1%E0%B8%B4%20%E0%B8%84%E0%B8%B2%E0%B8%99%E0%B8%B2%E0%B8%95%E0%B8%B0%20%5BAi%20%E0%B8%A5%E0%B8%9A%E0%B9%80%E0%B8%8B%E0%B9%87%E0%B8%99%E0%B9%80%E0%B8%8B%E0%B8%AD%E0%B8%A3%E0%B9%8C%5D,8/10/25 15:26,8/14/25 19:44,8/14/25 19:44,success,
16d1abce1219d62c5ac97410a01f653b62352417,[javdb.com]AQSH-124,Daily Ingestion,magnet:?xt=urn:btih:16d1abce1219d62c5ac97410a01f653b62352417&dn=%5Bjavdb.com%5DAQSH-124&xl=2439316782,8/10/25 15:26,8/14/25 19:44,8/14/25 19:44,success,
b97758a82dcb82352ed7b7e1ffdeec1118453963,[javdb.com]MIAB-414,Daily Ingestion,magnet:?xt=urn:btih:b97758a82dcb82352ed7b7e1ffdeec1118453963&dn=%5Bjavdb.com%5DMIAB-414&xl=1154139341,8/10/25 15:28,8/14/25 19:44,8/14/25 19:44,success,
f986512b930c1daf31f83aa18b829d0658507db7,[javdb.com]KTB-096,Daily Ingestion,magnet:?xt=urn:btih:f986512b930c1daf31f83aa18b829d0658507db7&dn=%5Bjavdb.com%5DKTB-096&xl=1396461481,8/10/25 15:28,8/14/25 19:44,8/14/25 19:44,success,
1d7e849c3b21831c14e2d8ab73c56ae26c2bef9a,[javdb.com]miad-724-C.torrent,Daily Ingestion,magnet:?xt=urn:btih:1d7e849c3b21831c14e2d8ab73c56ae26c2bef9a&dn=%5Bjavdb.com%5Dmiad-724-C.torrent&xl=5760416109,8/11/25 20:40,8/14/25 19:44,8/14/25 19:44,success,
bbac254c987aba4d7c781ee06f38cd7ebd05135c,[javdb.com]JUR-238.[4K]@R90s,Daily Ingestion,magnet:?xt=urn:btih:bbac254c987aba4d7c781ee06f38cd7ebd05135c&dn=%5Bjavdb.com%5DJUR-238.%5B4K%5D%40R90s&xl=29616776262,8/10/25 14:15,8/14/25 19:44,8/14/25 19:44,success,
d4a3bbca96fdbba9f4b8cea29e30428b1a2e0582,[javdb.com]MBDD-2145,Daily Ingestion,magnet:?xt=urn:btih:d4a3bbca96fdbba9f4b8cea29e30428b1a2e0582&dn=%5Bjavdb.com%5DMBDD-2145&xl=4575163146,8/10/25 15:27,8/14/25 19:44,8/14/25 19:44,success,
e15351e8906a03fe9525e89d8c57b615bd2969e2,[javdb.com]MIAB-357,Daily Ingestion,magnet:?xt=urn:btih:e15351e8906a03fe9525e89d8c57b615bd2969e2&dn=%5Bjavdb.com%5DMIAB-357&xl=1351948886,8/10/25 15:28,8/14/25 19:44,8/14/25 19:44,success,
21895ec13a6f5f97cac63e35c0dd73030c9c8924,[javdb.com]fkou-001,Daily Ingestion,magnet:?xt=urn:btih:21895ec13a6f5f97cac63e35c0dd73030c9c8924&dn=%5Bjavdb.com%5Dfkou-001&xl=8344795549,8/10/25 15:28,8/14/25 19:44,8/14/25 19:44,success,
52074923b91f3c94012e2f5a58404ab5b38b8131,[javdb.com]GVH-746,Daily Ingestion,magnet:?xt=urn:btih:52074923b91f3c94012e2f5a58404ab5b38b8131&dn=%5Bjavdb.com%5DGVH-746&xl=3376158398,8/10/25 15:27,8/14/25 19:44,8/14/25 19:44,success,
b161780417198877b2a4730482a639fa81b68dc5,[javdb.com]cemd-686,Daily Ingestion,magnet:?xt=urn:btih:b161780417198877b2a4730482a639fa81b68dc5&dn=%5Bjavdb.com%5Dcemd-686&xl=9505814095,8/10/25 15:27,8/14/25 19:44,8/14/25 19:44,success,
567d049565cd866e76af76e623d72e7d261469f8,[javdb.com]SONE-037-uncensored-HD,Daily Ingestion,magnet:?xt=urn:btih:567d049565cd866e76af76e623d72e7d261469f8&dn=%5Bjavdb.com%5DSONE-037-uncensored-HD&xl=4883965635,8/11/25 20:41,8/14/25 19:44,8/14/25 19:44,success,
43d3199f84bd5a0bb8060ecf2c204261778dab01,[javdb.com]DANDY-960.[4K]@R90s,Daily Ingestion,magnet:?xt=urn:btih:43d3199f84bd5a0bb8060ecf2c204261778dab01&dn=%5Bjavdb.com%5DDANDY-960.%5B4K%5D%40R90s&xl=18850070504,8/10/25 15:27,8/14/25 19:44,8/14/25 19:44,success,
2605a78ed7daee1dc2986da0d685b0c8e362bf16,[javdb.com]ymdd-452,Daily Ingestion,magnet:?xt=urn:btih:2605a78ed7daee1dc2986da0d685b0c8e362bf16&dn=%5Bjavdb.com%5Dymdd-452&xl=10979504766,8/10/25 15:28,8/14/25 19:44,8/14/25 19:44,success,
c71c1e286db03e52ca0d0831689f52cab876ba39,[javdb.com]SPLT-002,Daily Ingestion,magnet:?xt=urn:btih:c71c1e286db03e52ca0d0831689f52cab876ba39&dn=%5Bjavdb.com%5DSPLT-002&xl=5570078826,8/10/25 15:27,8/14/25 19:44,8/14/25 19:44,success,
badb6dcaa762fe88c189cdaf2e13663cde8f3371,[javdb.com]YMDD-448,Daily Ingestion,magnet:?xt=urn:btih:badb6dcaa762fe88c189cdaf2e13663cde8f3371&dn=%5Bjavdb.com%5DYMDD-448&xl=1354914403,8/10/25 15:28,8/14/25 19:44,8/14/25 19:44,success,
d2ed38b3a2de257d24adb9e93faa50dd123be8a3,[javdb.com]XVSR-814,Daily Ingestion,magnet:?xt=urn:btih:d2ed38b3a2de257d24adb9e93faa50dd123be8a3&dn=%5Bjavdb.com%5DXVSR-814&xl=2442396896,8/10/25 15:28,8/14/25 19:44,8/14/25 19:44,success,
0fd36bb175e38b53e8e89b31958284d2d2a2b490,[javdb.com]jur-327,Daily Ingestion,magnet:?xt=urn:btih:0fd36bb175e38b53e8e89b31958284d2d2a2b490&dn=%5Bjavdb.com%5Djur-327&xl=6269098560,8/10/25 15:27,8/14/25 19:44,8/14/25 19:44,success,
17aaded2b4455d989bba81133ea0e240047a8d5c,[javdb.com]BOKO-024 4K Hikaru Miyanishi 宮西ひかる,Daily Ingestion,magnet:?xt=urn:btih:17aaded2b4455d989bba81133ea0e240047a8d5c&dn=%5Bjavdb.com%5DBOKO-024%204K%20Hikaru%20Miyanishi%20%E5%AE%AE%E8%A5%BF%E3%81%B2%E3%81%8B%E3%82%8B&xl=10573500715,8/10/25 15:29,8/14/25 19:44,8/14/25 19:44,success,
b37d08442b96da058c893cd9bb913b390c7b04da,[javdb.com]sora-600,Daily Ingestion,magnet:?xt=urn:btih:b37d08442b96da058c893cd9bb913b390c7b04da&dn=%5Bjavdb.com%5Dsora-600&xl=5625342894,8/10/25 15:28,8/14/25 19:44,8/14/25 19:44,success,
70c08c215d234521e772ac09a4ae554c37b7aa19,[javdb.com]CESD-056.椎名優奈.自慰快楽パラノイド4 椎名ゆな,Daily Ingestion,magnet:?xt=urn:btih:70c08c215d234521e772ac09a4ae554c37b7aa19&dn=%5Bjavdb.com%5DCESD-056.%E6%A4%8E%E5%90%8D%E5%84%AA%E5%A5%88.%E8%87%AA%E6%85%B0%E5%BF%AB%E6%A5%BD%E3%83%91%E3%83%A9%E3%83%8E%E3%82%A4%E3%83%894%20%E6%A4%8E%E5%90%8D%E3%82%86%E3%81%AA&xl=1599068980,8/11/25 20:40,8/14/25 19:44,8/14/25 19:44,success,
faad3ebb8057ccd47a77b57f2035ead2164b9006,[javdb.com]JYMA-083,Daily Ingestion,magnet:?xt=urn:btih:faad3ebb8057ccd47a77b57f2035ead2164b9006&dn=%5Bjavdb.com%5DJYMA-083&xl=5500795697,8/10/25 15:27,8/14/25 19:44,8/14/25 19:44,success,
3479419234a4cc4027474902d46b69ca16cfcae6,[javdb.com]BBAN-008.桜井あゆ.椎名ゆなと桜井あゆの旅ビアン,Daily Ingestion,magnet:?xt=urn:btih:3479419234a4cc4027474902d46b69ca16cfcae6&dn=%5Bjavdb.com%5DBBAN-008.%E6%A1%9C%E4%BA%95%E3%81%82%E3%82%86.%E6%A4%8E%E5%90%8D%E3%82%86%E3%81%AA%E3%81%A8%E6%A1%9C%E4%BA%95%E3%81%82%E3%82%86%E3%81%AE%E6%97%85%E3%83%93%E3%82%A2%E3%83%B3&xl=1682964480,8/10/25 14:15,8/14/25 19:44,8/14/25 19:44,success,
1b0d55d71d8dec8073c3a63680070a96cb05203d,[javdb.com]DOCD-062,Daily Ingestion,magnet:?xt=urn:btih:1b0d55d71d8dec8073c3a63680070a96cb05203d&dn=%5Bjavdb.com%5DDOCD-062&xl=2008200543,8/10/25 15:29,8/14/25 19:44,8/14/25 19:44,success,
97ace09ad09716f00012bcd7f5df689e24b572da,[javdb.com]mudr-319,Daily Ingestion,magnet:?xt=urn:btih:97ace09ad09716f00012bcd7f5df689e24b572da&dn=%5Bjavdb.com%5Dmudr-319&xl=4860765326,8/10/25 15:26,8/14/25 19:44,8/14/25 19:44,success,
9a0e69251d6bfbabea30349ab6480ae8d2a8036d,[javdb.com]HHED-064,Daily Ingestion,magnet:?xt=urn:btih:9a0e69251d6bfbabea30349ab6480ae8d2a8036d&dn=%5Bjavdb.com%5DHHED-064&xl=1134702441,8/10/25 15:28,8/14/25 19:44,8/14/25 19:44,success,
10a52b3cabac358b57277acc627383262d4ea055,[javdb.com]FLAV-393,Daily Ingestion,magnet:?xt=urn:btih:10a52b3cabac358b57277acc627383262d4ea055&dn=%5Bjavdb.com%5DFLAV-393&xl=6699755297,8/10/25 15:27,8/14/25 19:44,8/14/25 19:44,success,
8b664bb47e3eb5937ac2e9abd473b531269165b8,[javdb.com]CJOD-413,Daily Ingestion,magnet:?xt=urn:btih:8b664bb47e3eb5937ac2e9abd473b531269165b8&dn=%5Bjavdb.com%5DCJOD-413,8/11/25 20:40,8/14/25 19:44,8/14/25 19:44,success,
e80bbb0d206ca493a8166041f3eabe9aad2585ad,[javdb.com]MIST-472,Daily Ingestion,magnet:?xt=urn:btih:e80bbb0d206ca493a8166041f3eabe9aad2585ad&dn=%5Bjavdb.com%5DMIST-472&xl=3396177723,8/10/25 15:29,8/14/25 19:44,8/14/25 19:44,success,
21b4ada5644be62630189c3283d0ad8d4d742ac9,[javdb.com]EBWH-228-U【成人抖音-黑料-换妻-直播-手机搜bs98.top】【内附百度云】,Daily Ingestion,magnet:?xt=urn:btih:21b4ada5644be62630189c3283d0ad8d4d742ac9&dn=%5Bjavdb.com%5DEBWH-228-U%E3%80%90%E6%88%90%E4%BA%BA%E6%8A%96%E9%9F%B3-%E9%BB%91%E6%96%99-%E6%8D%A2%E5%A6%BB-%E7%9B%B4%E6%92%AD-%E6%89%8B%E6%9C%BA%E6%90%9Cbs98.top%E3%80%91%E3%80%90%E5%86%85%E9%99%84%E7%99%BE%E5%BA%A6%E4%BA%91%E3%80%91&xl=1585129582,8/10/25 15:26,8/14/25 19:44,8/14/25 19:44,success,
95551de598a64ae162699b98b39117d22eab94b5,[javdb.com]ncyf-042,Daily Ingestion,magnet:?xt=urn:btih:95551de598a64ae162699b98b39117d22eab94b5&dn=%5Bjavdb.com%5Dncyf-042&xl=7447084364,8/10/25 15:26,8/14/25 19:44,8/14/25 19:44,success,
f166e7595aa955cb16751037afe17ad9bc9e66e2,[javdb.com]HOKS-198.[4K]@R90s,Daily Ingestion,magnet:?xt=urn:btih:f166e7595aa955cb16751037afe17ad9bc9e66e2&dn=%5Bjavdb.com%5DHOKS-198.%5B4K%5D%40R90s&xl=8441231280,8/10/25 15:28,8/14/25 19:44,8/14/25 19:44,success,
c756d8927c92795168e02c44c06a0d5e0717dbbd,[javdb.com]JUR-337.[4K]@R90s,Daily Ingestion,magnet:?xt=urn:btih:c756d8927c92795168e02c44c06a0d5e0717dbbd&dn=%5Bjavdb.com%5DJUR-337.%5B4K%5D%40R90s&xl=27304962514,8/10/25 15:27,8/14/25 19:44,8/14/25 19:44,success,
85fefa773274e88a0c84659abb020e45c849a7ed,[javdb.com]HAWA-345,Daily Ingestion,magnet:?xt=urn:btih:85fefa773274e88a0c84659abb020e45c849a7ed&dn=%5Bjavdb.com%5DHAWA-345&xl=2038196807,8/10/25 15:27,8/14/25 19:44,8/14/25 19:44,success,
9d238edcf84518a33c6e96ced0dfc22b0d9ff4a9,[javdb.com]-CAWD243C,Daily Ingestion,magnet:?xt=urn:btih:9d238edcf84518a33c6e96ced0dfc22b0d9ff4a9&dn=%5Bjavdb.com%5D-CAWD243C&xl=1579867810,8/10/25 14:14,8/14/25 19:44,8/14/25 19:44,success,
dc796a5f4be62cd3dd93392f92d29e429edd0d12,[javdb.com]JUR-283,Daily Ingestion,magnet:?xt=urn:btih:dc796a5f4be62cd3dd93392f92d29e429edd0d12&dn=%5Bjavdb.com%5DJUR-283&xl=3188495881,8/10/25 15:27,8/14/25 19:44,8/14/25 19:44,success,
d0aebdc29b7283341142027333f8fc6603ad4838,[javdb.com]APGH-037.mp4,Daily Ingestion,magnet:?xt=urn:btih:d0aebdc29b7283341142027333f8fc6603ad4838&dn=%5Bjavdb.com%5DAPGH-037.mp4&xl=6843497979,8/10/25 15:29,8/14/25 19:44,8/14/25 19:44,success,
15d72d89b5d127cb0c67ff3019ae38270533a4a5,[javdb.com]ANTW-001,Daily Ingestion,magnet:?xt=urn:btih:15d72d89b5d127cb0c67ff3019ae38270533a4a5&dn=%5Bjavdb.com%5DANTW-001&xl=1178054401,8/10/25 15:27,8/14/25 19:44,8/14/25 19:44,success,
ff6118f908a756f0dc86f808c47e5558261fbd8f,[javdb.com]MIDA-184,Daily Ingestion,magnet:?xt=urn:btih:ff6118f908a756f0dc86f808c47e5558261fbd8f&dn=%5Bjavdb.com%5DMIDA-184&xl=2994897591,8/10/25 15:28,8/14/25 19:44,8/14/25 19:44,success,
3e3364a3213bb43e5765477fbb41892b5be35cc9,[javdb.com]DRPT-089,Daily Ingestion,magnet:?xt=urn:btih:3e3364a3213bb43e5765477fbb41892b5be35cc9&dn=%5Bjavdb.com%5DDRPT-089&xl=1555557974,8/10/25 15:29,8/14/25 19:44,8/14/25 19:44,success,
026914f6be23dff328a905e9993993cf9c1f14f5,[javdb.com]CLUB-809,Daily Ingestion,magnet:?xt=urn:btih:026914f6be23dff328a905e9993993cf9c1f14f5&dn=%5Bjavdb.com%5DCLUB-809&xl=10326946092,8/11/25 20:41,8/14/25 19:44,8/14/25 19:44,success,
0efab8017312faec26274495f900fe3d05089bbc,[javdb.com]KSBJ-382-FHD,Daily Ingestion,magnet:?xt=urn:btih:0efab8017312faec26274495f900fe3d05089bbc&dn=%5Bjavdb.com%5DKSBJ-382-FHD&xl=3488258912,8/10/25 15:28,8/14/25 19:44,8/14/25 19:44,success,
6c348d74f6a980c95d0089df8c1cc0e9aa137b1f,[javdb.com]MANX-012,Daily Ingestion,magnet:?xt=urn:btih:6c348d74f6a980c95d0089df8c1cc0e9aa137b1f&dn=%5Bjavdb.com%5DMANX-012&xl=2048618590,8/10/25 15:28,8/14/25 19:44,8/14/25 19:44,success,
b7b02e6c0005f1c7e780924edcfc62bfe71f65ba,[javdb.com]MISM-382,Daily Ingestion,magnet:?xt=urn:btih:b7b02e6c0005f1c7e780924edcfc62bfe71f65ba&dn=%5Bjavdb.com%5DMISM-382&xl=1398858238,8/10/25 15:27,8/14/25 19:44,8/14/25 19:44,success,
8276f08282dedb2cdb8f435a033f7cb77e226d31,[javdb.com]fthtd-118,Daily Ingestion,magnet:?xt=urn:btih:8276f08282dedb2cdb8f435a033f7cb77e226d31&dn=%5Bjavdb.com%5Dfthtd-118&xl=6466582289,8/10/25 15:27,8/14/25 19:44,8/14/25 19:44,success,
a4c3614a6f027c578a1f760f4d1fcfcfac86289b,[javdb.com]MFYD-009.[4K]@R90s,Daily Ingestion,magnet:?xt=urn:btih:a4c3614a6f027c578a1f760f4d1fcfcfac86289b&dn=%5Bjavdb.com%5DMFYD-009.%5B4K%5D%40R90s&xl=20336227193,8/10/25 15:26,8/14/25 19:44,8/14/25 19:44,success,
2510f2731f1017aede8da89561374c2ba53265f5,[javdb.com]XVSR-818,Daily Ingestion,magnet:?xt=urn:btih:2510f2731f1017aede8da89561374c2ba53265f5&dn=%5Bjavdb.com%5DXVSR-818&xl=1421570198,8/10/25 15:28,8/14/25 19:44,8/14/25 19:44,success,
f3e123660f2cfee64558e0a25beaeb441e417c31,[javdb.com]BMW-334,Daily Ingestion,magnet:?xt=urn:btih:f3e123660f2cfee64558e0a25beaeb441e417c31&dn=%5Bjavdb.com%5DBMW-334&xl=2275887002,8/10/25 15:28,8/14/25 19:44,8/14/25 19:44,success,
ef05bf0bbf5808a1ac98aa8c3d935345a89dfe5c,[javdb.com]EBWH-220,Daily Ingestion,magnet:?xt=urn:btih:ef05bf0bbf5808a1ac98aa8c3d935345a89dfe5c&dn=%5Bjavdb.com%5DEBWH-220&xl=2440445049,8/10/25 15:26,8/14/25 19:44,8/14/25 19:44,success,
ac9cf0b1ae763a015d9428e5129c6c71d6af8bf7,[javdb.com]PKPD-368,Daily Ingestion,magnet:?xt=urn:btih:ac9cf0b1ae763a015d9428e5129c6c71d6af8bf7&dn=%5Bjavdb.com%5DPKPD-368&xl=2528426500,8/10/25 15:26,8/14/25 19:44,8/14/25 19:44,success,
c0f39bf7a25db1505ddae9e1ed94611a4d3d91d1,[javdb.com]FJIN-077,Daily Ingestion,magnet:?xt=urn:btih:c0f39bf7a25db1505ddae9e1ed94611a4d3d91d1&dn=%5Bjavdb.com%5DFJIN-077&xl=2583512415,8/10/25 15:28,8/14/25 19:44,8/14/25 19:44,success,
ba27e3306d933de5ff6d7f5d4cff0da342604724,[javdb.com]miab-480,Daily Ingestion,magnet:?xt=urn:btih:ba27e3306d933de5ff6d7f5d4cff0da342604724&dn=%5Bjavdb.com%5Dmiab-480&xl=5627643630,8/10/25 15:26,8/14/25 19:44,8/14/25 19:44,success,
ac04277cc903c70cc5f8f4d465651785fd5d5119,[javdb.com]AGAV-139,Daily Ingestion,magnet:?xt=urn:btih:ac04277cc903c70cc5f8f4d465651785fd5d5119&dn=%5Bjavdb.com%5DAGAV-139&xl=2661469722,8/10/25 15:27,8/14/25 19:44,8/14/25 19:44,success,
99552a9869fee52229b5550f31dd73d6c586f595,[javdb.com]第一會所新片@SIS001@EBWH-227,Daily Ingestion,magnet:?xt=urn:btih:99552a9869fee52229b5550f31dd73d6c586f595&dn=%5Bjavdb.com%5D%E7%AC%AC%E4%B8%80%E6%9C%83%E6%89%80%E6%96%B0%E7%89%87%40SIS001%40EBWH-227&xl=5405268648,8/10/25 15:26,8/14/25 19:44,8/14/25 19:44,success,
7402bac2da96cf058ecd45fc831b7c970852618a,[javdb.com]SW-1002,Daily Ingestion,magnet:?xt=urn:btih:7402bac2da96cf058ecd45fc831b7c970852618a&dn=%5Bjavdb.com%5DSW-1002&xl=2926731939,8/10/25 15:27,8/14/25 19:44,8/14/25 19:44,success,
e563bcc9822bc8ede4de00b07b03560fc5f518e3,[javdb.com]KTB-097,Daily Ingestion,magnet:?xt=urn:btih:e563bcc9822bc8ede4de00b07b03560fc5f518e3&dn=%5Bjavdb.com%5DKTB-097&xl=1323020879,8/10/25 15:28,8/14/25 19:44,8/14/25 19:44,success,
b394b0c5b33f8f60fea309a52ef23ef55696d84f,[javdb.com]HUNTC-350,Daily Ingestion,magnet:?xt=urn:btih:b394b0c5b33f8f60fea309a52ef23ef55696d84f&dn=%5Bjavdb.com%5DHUNTC-350&xl=1777606668,8/10/25 15:27,8/14/25 19:44,8/14/25 19:44,success,
e864f14f804ba05a91429730e383b4b16b6356f7,[javdb.com]MIKR-013,Daily Ingestion,magnet:?xt=urn:btih:e864f14f804ba05a91429730e383b4b16b6356f7&dn=%5Bjavdb.com%5DMIKR-013&xl=2477125478,8/10/25 15:28,8/14/25 19:44,8/14/25 19:44,success,
4335adcf2de5bcd8feadee9f5bafc477c144bdc3,[javdb.com]MUKC-095,Daily Ingestion,magnet:?xt=urn:btih:4335adcf2de5bcd8feadee9f5bafc477c144bdc3&dn=%5Bjavdb.com%5DMUKC-095&xl=1119879286,8/10/25 15:26,8/14/25 19:44,8/14/25 19:44,success,df2fbc31e06cd169a96075d6944f32b36b78009a,[javdb.com]DASS-412 媚薬を盛られ発汗発情 月野江すい,Daily Ingestion,magnet:?xt=urn:btih:df2fbc31e06cd169a96075d6944f32b36b78009a&dn=%5Bjavdb.com%5DDASS-412%20%E5%AA%9A%E8%96%AC%E3%82%92%E7%9B%9B%E3%82%89%E3%82%8C%E7%99%BA%E6%B1%97%E7%99%BA%E6%83%85%20%E6%9C%88%E9%87%8E%E6%B1%9F%E3%81%99%E3%81%84&xl=5655179890,2025-08-12 19:07:16,2025-08-15 16:58:51,2025-08-15 16:58:51,success,
1280a1683e6d8a7e659e80eae41c294fe16f6372,[javdb.com]DASS-375,Daily Ingestion,magnet:?xt=urn:btih:1280a1683e6d8a7e659e80eae41c294fe16f6372&dn=%5Bjavdb.com%5DDASS-375&xl=2277761749,2025-08-12 19:07:14,2025-08-15 16:58:51,2025-08-15 16:58:51,success,
afd663de4a69474eace6c71d2d9a7f2d336577bc,[javdb.com]DASS-653,Daily Ingestion,magnet:?xt=urn:btih:afd663de4a69474eace6c71d2d9a7f2d336577bc&dn=%5Bjavdb.com%5DDASS-653&xl=1639794910,2025-08-12 19:07:18,2025-08-15 16:58:51,2025-08-15 16:58:51,success,
a57dda6a3b022532c8624794ec5e22ef84d959e4,[javdb.com]DVDES-739.mp4,Daily Ingestion,magnet:?xt=urn:btih:a57dda6a3b022532c8624794ec5e22ef84d959e4&dn=%5Bjavdb.com%5DDVDES-739.mp4,2025-08-14 19:05:22,2025-08-17 19:13:14,2025-08-17 19:13:14,success,
653148cda0da3057358d65dadc399bc1857b7558,[javdb.com]FOCS-261,Daily Ingestion,magnet:?xt=urn:btih:653148cda0da3057358d65dadc399bc1857b7558&dn=%5Bjavdb.com%5DFOCS-261&xl=2429982467,2025-08-15 19:06:58,2025-08-18 19:08:23,2025-08-18 19:08:23,success,
77f0e9e5077f9ac68615cbd1f1c528c1415850bf,[javdb.com]HMN-110,Daily Ingestion,magnet:?xt=urn:btih:77f0e9e5077f9ac68615cbd1f1c528c1415850bf&dn=%5Bjavdb.com%5DHMN-110&xl=5662924642,2025-08-15 19:06:26,2025-08-18 19:08:23,2025-08-18 19:08:23,success,
f41bc79a5cda655051ec214b1cf66e8f4a8af50f,[javdb.com]IPX532C字幕,Daily Ingestion,magnet:?xt=urn:btih:f41bc79a5cda655051ec214b1cf66e8f4a8af50f&dn=%5Bjavdb.com%5DIPX532C%E5%AD%97%E5%B9%95&xl=3847668464,2025-08-16 19:10:45,2025-08-19 19:07:29,2025-08-19 19:07:29,success,
194c2efb421fc72a1136e7dd096c5163d20a63df,[javdb.com][FHD]IPZ-184,Daily Ingestion,magnet:?xt=urn:btih:194c2efb421fc72a1136e7dd096c5163d20a63df&dn=%5Bjavdb.com%5D%5BFHD%5DIPZ-184,2025-08-16 19:11:27,2025-08-19 19:07:29,2025-08-19 19:07:29,success,
cecc826164da696755343dd4b40e2580c6f6b052,[javdb.com]IPX511C字幕,Daily Ingestion,magnet:?xt=urn:btih:cecc826164da696755343dd4b40e2580c6f6b052&dn=%5Bjavdb.com%5DIPX511C%E5%AD%97%E5%B9%95&xl=4925309384,2025-08-16 19:10:43,2025-08-19 19:07:29,2025-08-19 19:07:29,success,
b1ce030ea32e32307a5ff2a1a236489bb8c91307,[javdb.com]ISRD-025-C.torrent,Daily Ingestion,magnet:?xt=urn:btih:b1ce030ea32e32307a5ff2a1a236489bb8c91307&dn=%5Bjavdb.com%5DISRD-025-C.torrent&xl=5432144703,2025-08-16 19:10:51,2025-08-19 19:07:29,2025-08-19 19:07:29,success,
